1630149998735692288,0.00056,0.00828,-0.00074,0.99517,-0.09762,0.00614,0.00816,-0.00453,0.00461,0.00264,
1630149998868143104,0.00849,0.00999,0.00029,0.99496,-0.09954,0.00950,0.00785,0.01861,0.01447,-0.00079,
1630149999002827264,0.01785,0.01051,0.00065,0.99470,-0.10208,0.00998,0.00667,0.02546,0.00453,0.00564,
1630149999132422912,0.02581,0.01118,0.00211,0.99451,-0.10391,0.01149,0.00500,0.03699,0.00081,0.00519,
1630149999271403264,0.03013,0.01199,0.00171,0.99416,-0.10744,0.00856,0.00610,0.03841,0.00584,-0.02032,
1630149999398586624,0.03393,0.01168,-0.00006,0.99396,-0.10925,0.00837,0.00619,0.01204,-0.01346,-0.01437,
1630149999535166976,0.03617,0.00942,0.00008,0.99402,-0.10880,0.00686,0.00576,0.00241,-0.01282,-0.00928,
1630149999669497088,0.03786,0.00810,-0.00005,0.99396,-0.10959,0.00537,0.00296,-0.00461,-0.00565,-0.00745,
1630149999803042816,0.03919,0.00753,0.00009,0.99386,-0.11054,0.00533,-0.00056,-0.00273,-0.00292,0.00455,
1630149999936102400,0.04054,0.00720,0.00162,0.99374,-0.11144,0.00632,-0.00401,0.00437,-0.00937,0.01523,
1630150000068617472,0.04169,0.00649,0.00376,0.99370,-0.11163,0.00741,-0.00612,0.00740,-0.01380,0.01100,
1630150000203558144,0.04248,0.00414,0.00474,0.99402,-0.10878,0.00682,-0.00691,0.00369,-0.03137,-0.00042,
1630150000337884928,0.04205,0.00024,0.00577,0.99455,-0.10371,0.00749,-0.00734,-0.00604,-0.04039,-0.00206,
1630150000468859904,0.04070,-0.00341,0.00589,0.99496,-0.09950,0.00913,-0.00833,-0.00706,-0.02926,-0.00673,
1630150000603673856,0.03905,-0.00546,0.00533,0.99522,-0.09693,0.00813,-0.00904,-0.00994,-0.01648,-0.00467,
1630150000740920576,0.03802,-0.00601,0.00437,0.99523,-0.09683,0.00760,-0.00952,-0.00189,-0.00565,-0.00411,
1630150000868345088,0.03726,-0.00666,0.00325,0.99517,-0.09711,0.01020,-0.01032,0.00209,-0.01419,-0.00768,
1630150001002623488,0.03675,-0.00717,0.00174,0.99500,-0.09878,0.01035,-0.01094,-0.00242,-0.00744,-0.00016,
1630150001136484608,0.03514,-0.00859,0.00271,0.99445,-0.10440,0.00927,-0.00881,-0.00318,-0.01681,0.02123,
1630150001269184512,0.03506,-0.00956,0.00329,0.99394,-0.10828,0.01678,-0.00933,0.01063,-0.00399,-0.00333,
1630150001404941312,0.03404,-0.00730,-0.00139,0.99323,-0.11534,0.01261,-0.00548,-0.01956,0.02601,-0.03958,
1630150001541474816,0.02944,-0.00257,-0.00814,0.99206,-0.12557,0.00006,-0.00755,-0.03487,0.03826,-0.03574,
1630150001670254336,0.02474,-0.00077,-0.01045,0.99064,-0.13577,-0.01059,-0.00876,-0.02930,-0.00253,0.00744,
1630150001803552256,0.02203,-0.00201,-0.00928,0.99040,-0.13779,-0.00603,-0.00907,-0.01515,-0.01522,0.00331,
1630150001937122304,0.02008,-0.00408,-0.00972,0.99060,-0.13636,-0.00496,-0.00932,-0.01675,-0.01670,-0.01620,
1630150002075966720,0.01774,-0.00593,-0.01134,0.99075,-0.13501,-0.00909,-0.01049,-0.01715,-0.01230,-0.00770,
1630150002202957824,0.01679,-0.00957,-0.00957,0.99145,-0.12990,-0.00752,-0.01024,0.00076,-0.04808,0.01801,
1630150002337527808,0.01860,-0.01656,-0.00727,0.99314,-0.11640,0.00173,-0.01135,0.01814,-0.04972,-0.00076,
1630150002470009088,0.02097,-0.02212,-0.00627,0.99427,-0.10599,0.00350,-0.01331,0.00638,-0.04020,0.00568,
1630150002603424000,0.02254,-0.02910,0.00250,0.99537,-0.09535,-0.00187,-0.01184,0.01305,-0.08544,0.12906,
1630150002745157888,0.02728,-0.04641,0.03740,0.99574,-0.08952,-0.00135,-0.02200,0.04156,-0.17363,0.33746,
1630150002873991424,0.03455,-0.05583,0.09938,0.99387,-0.10321,-0.00004,-0.03972,0.01818,-0.14155,0.42449,
1630150003002481408,0.03472,-0.06465,0.15473,0.99266,-0.11320,-0.00096,-0.04266,0.00043,-0.02010,0.40064,
1630150003139439872,0.03532,-0.05930,0.20027,0.98995,-0.13503,0.00012,-0.04213,0.01269,0.08286,0.29511,
1630150003269839104,0.02083,-0.03540,0.23267,0.98586,-0.16309,0.01322,-0.03613,-0.02708,0.12709,0.25414,
1630150003408150784,0.06545,-0.02655,0.28291,0.98352,-0.17152,0.04922,-0.02900,0.04010,0.14301,0.21233,
1630150003539435776,0.07356,-0.00910,0.31579,0.98128,-0.18102,0.06104,-0.02433,0.02736,0.13917,0.15662,
1630150003670546176,0.08527,0.01277,0.33255,0.97993,-0.18695,0.06493,-0.02380,0.03115,0.13366,0.10153,
1630150003809960960,0.11941,-0.00808,0.38026,0.97973,-0.18169,0.08059,-0.02480,0.05493,0.08958,0.10105,
1630150003936467712,0.12554,0.01889,0.37885,0.97924,-0.18350,0.08178,-0.02705,0.04556,0.08344,0.07471,
1630150004071662592,0.09896,-0.01807,0.32200,0.98396,-0.16566,0.05734,-0.03302,0.01284,0.00219,-0.00753,
1630150004203570944,0.09007,-0.00187,0.29314,0.98412,-0.16700,0.05061,-0.03265,-0.00034,-0.00721,-0.07511,
1630150004339510272,0.09223,-0.00573,0.27619,0.98601,-0.15420,0.05299,-0.03454,-0.00778,-0.02856,-0.21940,
1630150004470406144,0.10107,-0.03395,0.22350,0.98835,-0.13735,0.05035,-0.04205,-0.04295,-0.04795,-0.35882,
1630150004602352128,0.09170,-0.04835,0.17245,0.99124,-0.11379,0.04752,-0.04724,-0.10434,-0.01081,-0.41777,
1630150004737349120,0.07668,-0.05470,0.11130,0.99224,-0.10227,0.04632,-0.05352,-0.10282,0.00019,-0.25298,
1630150004869931776,0.05879,-0.06124,0.07259,0.99269,-0.09312,0.04714,-0.06065,-0.12594,0.00414,-0.14256,
1630150005003736064,0.03888,-0.07300,0.03831,0.99286,-0.09914,0.04144,-0.05189,-0.10586,-0.03166,-0.07650,
1630150005145550592,0.03361,-0.07923,0.02848,0.99314,-0.09757,0.03415,-0.05470,0.05496,-0.06337,-0.08363,
1630150005277345536,0.04994,-0.08755,0.01497,0.99276,-0.10405,0.02049,-0.05635,0.21190,-0.07766,-0.08240,
1630150005409874688,0.08832,-0.09976,0.00942,0.99210,-0.11004,0.00619,-0.06001,0.34891,-0.11343,-0.06239,
1630150005538359552,0.13820,-0.11606,0.00867,0.99169,-0.10610,-0.01297,-0.07157,0.38405,-0.13503,-0.02062,
1630150005671122176,0.18797,-0.13457,0.00840,0.99227,-0.09634,-0.01057,-0.07757,0.34892,-0.11285,-0.01604,
1630150005810293504,0.23051,-0.14881,0.00816,0.99210,-0.09138,-0.00216,-0.08587,0.23890,-0.05605,-0.01360,
1630150005941319680,0.25619,-0.15515,0.00771,0.99228,-0.09172,0.00652,-0.08326,0.13943,-0.01307,-0.00335,
1630150006079190272,0.27241,-0.15628,0.00643,0.99256,-0.09154,0.00794,-0.07984,0.06847,-0.00114,-0.00602,
1630150006213306368,0.28046,-0.15708,0.00564,0.99277,-0.09078,0.00416,-0.07846,0.01792,-0.00511,-0.01113,
1630150006337295616,0.28580,-0.16074,0.00600,0.99347,-0.08318,-0.00083,-0.07812,-0.00428,-0.02178,-0.01608,
1630150006475273728,0.28830,-0.16309,0.00425,0.99390,-0.07628,-0.00620,-0.07944,-0.01327,-0.01558,-0.02484,
1630150006608021504,0.28881,-0.16436,0.00327,0.99402,-0.07132,-0.00859,-0.08227,-0.01949,-0.00070,-0.01372,
1630150006744688384,0.28638,-0.16296,0.00137,0.99389,-0.07180,-0.00848,-0.08346,-0.02107,0.01168,-0.00044,
1630150006871966976,0.28450,-0.16016,0.00113,0.99379,-0.07295,-0.00787,-0.08365,-0.01187,0.01224,-0.00054,
1630150007011022336,0.28271,-0.15775,0.00084,0.99379,-0.07436,-0.00902,-0.08223,-0.00638,0.00878,-0.00853,
1630150007138849280,0.28283,-0.15643,0.00043,0.99386,-0.07538,-0.00878,-0.08047,-0.00414,0.00337,-0.00362,
1630150007271033856,0.28355,-0.15560,0.00092,0.99383,-0.07635,-0.00834,-0.07997,-0.00125,0.00323,-0.00075,
1630150007410011648,0.28399,-0.15407,0.00094,0.99377,-0.07876,-0.00875,-0.07839,0.00242,0.00707,-0.00349,
1630150007543509248,0.28531,-0.15304,0.00131,0.99367,-0.08077,-0.00826,-0.07768,0.00613,0.00204,0.00137,
1630150007677883904,0.28675,-0.15239,0.00209,0.99364,-0.08135,-0.00676,-0.07760,0.00268,0.00237,0.00081,
1630150007812091136,0.28748,-0.15145,0.00235,0.99357,-0.08158,-0.00610,-0.07824,0.00402,0.00493,0.00009,
1630150007944242432,0.28819,-0.15034,0.00227,0.99346,-0.08235,-0.00579,-0.07887,0.00259,0.00496,-0.00459,
1630150008078155008,0.28896,-0.14917,0.00230,0.99337,-0.08255,-0.00492,-0.07985,0.00544,0.00236,0.00032,
1630150008210576384,0.29004,-0.14800,0.00254,0.99331,-0.08220,-0.00335,-0.08098,0.00130,0.00647,-0.00349,
1630150008341727232,0.28993,-0.14591,0.00210,0.99326,-0.08282,-0.00283,-0.08100,-0.00553,0.00679,-0.00374,
1630150008480205056,0.28968,-0.14472,0.00254,0.99331,-0.08251,-0.00347,-0.08078,-0.00627,-0.00307,0.00163,
1630150008612015104,0.28868,-0.14408,0.00227,0.99366,-0.08002,-0.00339,-0.07892,-0.01213,-0.00342,-0.01027,
1630150008740537088,0.28602,-0.14321,-0.00028,0.99384,-0.07863,-0.00017,-0.07810,-0.04601,-0.00127,-0.00946,
1630150008875411200,0.27708,-0.14176,-0.00109,0.99421,-0.07869,0.00286,-0.07313,-0.10297,0.00285,0.00759,
1630150009011002880,0.26063,-0.14030,0.00022,0.99455,-0.07749,0.00409,-0.06965,-0.16576,0.00159,0.01588,
1630150009142516736,0.23542,-0.13935,0.00185,0.99486,-0.07647,0.00797,-0.06587,-0.23979,0.00022,0.01736,
1630150009279223552,0.19808,-0.13681,0.00277,0.99507,-0.07695,0.01677,-0.06024,-0.33001,0.01813,0.00792,
1630150009407210240,0.14758,-0.13245,0.00278,0.99554,-0.07834,0.02532,-0.04607,-0.42942,0.03830,0.00775,
1630150009546538496,0.08266,-0.12499,0.00309,0.99589,-0.08103,0.02962,-0.02745,-0.48347,0.05170,0.00772,
1630150009676714240,0.02224,-0.11702,0.00255,0.99618,-0.08166,0.02787,-0.01344,-0.43899,0.05390,0.00023,
1630150009809366272,-0.02867,-0.10948,0.00372,0.99640,-0.08103,0.02410,-0.00622,-0.31423,0.02646,0.02509,
1630150009943653888,-0.06385,-0.10454,0.00565,0.99654,-0.07949,0.02257,-0.00947,-0.20362,0.01210,0.01537,
1630150010075559424,-0.08901,-0.10202,0.00670,0.99655,-0.07965,0.02052,-0.01082,-0.12798,0.00662,0.00981,
1630150010211153408,-0.10385,-0.09820,0.00627,0.99650,-0.08027,0.01895,-0.01399,-0.05704,0.01227,0.01122,
1630150010348354048,-0.11322,-0.09400,0.00608,0.99642,-0.08138,0.01826,-0.01394,-0.02902,0.01194,0.00472,
1630150010475079168,-0.11700,-0.09136,0.00559,0.99634,-0.08275,0.01537,-0.01481,-0.00178,0.00163,0.00355,
1630150010611648768,-0.11447,-0.08853,0.00480,0.99614,-0.08387,0.01595,-0.02032,0.05709,-0.00465,-0.00018,
1630150010745284352,-0.10300,-0.08870,0.00507,0.99601,-0.08376,0.01430,-0.02722,0.14182,-0.01721,0.01166,
1630150010875774976,-0.07932,-0.08951,0.00606,0.99564,-0.08525,0.00299,-0.03772,0.24506,-0.01665,0.01059,
1630150011011819776,-0.04190,-0.08995,0.00471,0.99491,-0.08951,-0.00531,-0.04607,0.35075,-0.01914,-0.01910,
1630150011142909952,0.00962,-0.09076,0.00093,0.99462,-0.08999,-0.01459,-0.04910,0.45954,-0.04456,-0.02980,
1630150011277457920,0.07589,-0.09641,-0.00348,0.99391,-0.08938,-0.02995,-0.05712,0.51578,-0.05311,-0.02456,
1630150011409889280,0.13996,-0.10298,-0.00524,0.99354,-0.08563,-0.03933,-0.06328,0.43541,-0.05162,-0.00227,
1630150011545909760,0.19173,-0.10933,-0.00500,0.99425,-0.07739,-0.03787,-0.06353,0.31762,-0.04011,0.00340,
1630150011677059840,0.22695,-0.11309,-0.00718,0.99464,-0.07541,-0.03328,-0.06241,0.22586,-0.02440,-0.00888,
1630150011814660608,0.25293,-0.11617,-0.00916,0.99518,-0.07450,-0.02440,-0.05884,0.14779,-0.02265,-0.00164,
1630150011947203840,0.26719,-0.11820,-0.01027,0.99536,-0.07427,-0.01895,-0.05809,0.07048,-0.01877,0.00049,
1630150012078646016,0.27292,-0.11937,-0.01064,0.99539,-0.07518,-0.01775,-0.05692,0.01500,-0.01332,-0.00306,
1630150012211509248,0.27157,-0.12042,-0.01046,0.99532,-0.07736,-0.01772,-0.05514,-0.03962,-0.01433,0.00047,
1630150012346351104,0.26076,-0.12043,-0.01021,0.99533,-0.07900,-0.01554,-0.05318,-0.13988,-0.01909,-0.00093,
1630150012477252096,0.23640,-0.12222,-0.00974,0.99529,-0.07874,-0.01224,-0.05527,-0.25773,-0.01913,0.00206,
1630150012615090944,0.19589,-0.12265,-0.00990,0.99494,-0.07887,-0.01025,-0.06132,-0.36332,-0.01004,-0.00469,
1630150012743483904,0.14272,-0.12159,-0.01074,0.99472,-0.08098,-0.00300,-0.06292,-0.44035,-0.00398,-0.00495,
1630150012877067008,0.07942,-0.12025,-0.01033,0.99519,-0.08043,0.00754,-0.05541,-0.47695,0.00303,0.00789,
1630150013009656832,0.01720,-0.11891,-0.00950,0.99602,-0.07623,0.01223,-0.04444,-0.43150,-0.00258,0.00550,
1630150013142042368,-0.03300,-0.11929,-0.00905,0.99690,-0.06798,0.01513,-0.03670,-0.32147,-0.01051,0.00455,
1630150013279047168,-0.06985,-0.11924,-0.00925,0.99745,-0.06026,0.00901,-0.03703,-0.22067,-0.00490,0.00025,
1630150013412789248,-0.09352,-0.11787,-0.00895,0.99766,-0.05650,0.00008,-0.03844,-0.12201,0.01041,0.00749,
1630150013542635008,-0.10037,-0.11615,-0.00315,0.99801,-0.04976,-0.00231,-0.03859,0.03789,-0.01526,0.13176,
1630150013676788224,-0.08870,-0.11997,0.03212,0.99779,-0.05416,-0.00316,-0.03838,0.14607,-0.06404,0.41604,
1630150013813038848,-0.06526,-0.13012,0.09999,0.99765,-0.05933,-0.00781,-0.03348,0.20069,-0.12829,0.56628,
1630150013943952128,-0.03723,-0.14986,0.16954,0.99738,-0.05995,-0.00842,-0.03972,0.22230,-0.12965,0.46867,
1630150014080594432,-0.00664,-0.16527,0.21531,0.99666,-0.06728,0.00214,-0.04619,0.21546,-0.06463,0.20521,
1630150014211827968,0.02149,-0.17341,0.23054,0.99604,-0.07265,0.01225,-0.04977,0.19608,-0.01942,0.02370,
1630150014349628160,0.04578,-0.17484,0.22925,0.99553,-0.07703,0.01685,-0.05202,0.15778,0.01507,-0.06584,
1630150014481101312,0.06382,-0.17163,0.21525,0.99444,-0.08773,0.02082,-0.05443,0.12315,0.03933,-0.16596,
1630150014610591488,0.07856,-0.16521,0.18302,0.99353,-0.09642,0.02470,-0.05475,0.09901,0.05372,-0.33347,
1630150014748878080,0.09082,-0.15515,0.12792,0.99267,-0.10549,0.02779,-0.05203,0.08037,0.09693,-0.45626,
1630150014879967232,0.09891,-0.13935,0.06703,0.99148,-0.11743,0.02652,-0.04982,0.05034,0.14260,-0.41296,
1630150015010811392,0.10325,-0.11967,0.02330,0.99013,-0.13128,0.02141,-0.04424,0.03035,0.13737,-0.20877,
1630150015147327488,0.10696,-0.11058,0.00797,0.99210,-0.11980,0.02181,-0.03017,0.03197,-0.03112,-0.01904,
1630150015281743104,0.11250,-0.11771,0.00643,0.99475,-0.09526,0.02293,-0.02942,0.02878,-0.07694,-0.00155,
1630150015423604736,0.11445,-0.12872,0.00444,0.99638,-0.07573,0.02419,-0.03011,0.00392,-0.06476,-0.02411,
1630150015547161344,0.11359,-0.13456,-0.00038,0.99728,-0.06611,0.01874,-0.02679,-0.00412,-0.04394,-0.02167,
1630150015676791552,0.11445,-0.13947,-0.00435,0.99789,-0.05865,0.01252,-0.02508,0.02667,-0.04487,0.02504,
1630150015812131072,0.12435,-0.14644,0.01303,0.99790,-0.05894,0.00706,-0.02603,0.11793,-0.06780,0.31072,
1630150015945850112,0.14307,-0.15753,0.06859,0.99812,-0.05838,0.00165,-0.01860,0.16957,-0.11695,0.51219,
1630150016079924224,0.16572,-0.17209,0.13092,0.99855,-0.05298,-0.00697,-0.00647,0.17967,-0.09785,0.38186,
1630150016211656704,0.18645,-0.17961,0.16232,0.99758,-0.06924,-0.00453,0.00423,0.13991,-0.00748,0.13195,
1630150016344938752,0.20110,-0.17734,0.16889,0.99635,-0.08379,0.00044,0.01622,0.08052,0.05869,-0.04063,
1630150016481437440,0.20702,-0.16923,0.15795,0.99505,-0.09630,0.00565,0.02375,0.00929,0.06238,-0.12426,
1630150016614444288,0.20254,-0.16295,0.13893,0.99500,-0.09685,0.00581,0.02367,-0.08124,0.03915,-0.17796,
1630150016747584256,0.18470,-0.15808,0.10980,0.99562,-0.09125,0.00174,0.02014,-0.16378,0.02941,-0.25741,
1630150016879672320,0.15928,-0.15217,0.07043,0.99586,-0.09059,-0.00085,0.00696,-0.20842,0.04532,-0.30595,
1630150017012272640,0.13003,-0.14285,0.03043,0.99652,-0.08251,0.00101,-0.01134,-0.22167,0.07595,-0.24845,
1630150017144982272,0.09927,-0.13131,0.00805,0.99694,-0.07633,-0.00418,-0.01645,-0.22039,0.05771,-0.07224,
1630150017281172224,0.06978,-0.12429,0.00558,0.99762,-0.06694,-0.01071,-0.01237,-0.18736,0.01736,0.01861,
1630150017413657344,0.04655,-0.11938,0.00632,0.99779,-0.06436,-0.01016,-0.01335,-0.15568,0.02667,0.01203,
1630150017549079808,0.02570,-0.11472,0.00667,0.99784,-0.06482,-0.00704,-0.00781,-0.14404,0.02621,-0.00325,
1630150017678274048,0.00762,-0.11057,0.00529,0.99799,-0.06304,-0.00605,-0.00209,-0.12953,0.02466,-0.01648,
1630150017812017920,-0.00790,-0.10772,0.00320,0.99813,-0.06117,-0.00030,0.00155,-0.10300,0.02031,-0.01022,
1630150017950021632,-0.02084,-0.10548,0.00231,0.99832,-0.05732,0.00857,0.00253,-0.09403,0.01774,-0.00366,
1630150018093131520,-0.03348,-0.10237,0.00157,0.99835,-0.05602,0.01219,0.00155,-0.08442,0.02378,-0.00098,
1630150018214689280,-0.04341,-0.09923,0.00131,0.99829,-0.05697,0.01318,0.00162,-0.06611,0.02799,0.01054,
1630150018351867136,-0.05405,-0.09563,0.00364,0.99811,-0.06093,0.00084,0.00782,-0.07960,0.01713,0.01395,
1630150018483282688,-0.06971,-0.09455,0.00363,0.99622,-0.06587,-0.04848,0.02935,-0.08840,-0.00819,-0.02739,
1630150018617837312,-0.07342,-0.09809,-0.00033,0.99487,-0.06057,-0.07101,0.03891,0.04594,-0.02390,-0.04143,
1630150018747664640,-0.06176,-0.10044,-0.00552,0.99563,-0.05268,-0.06008,0.04832,0.13172,-0.00069,-0.01792,
1630150018880206080,-0.04377,-0.10009,-0.00641,0.99506,-0.05084,-0.05187,0.06761,0.16582,0.00680,0.01383,
1630150019019957760,-0.02017,-0.09961,-0.00512,0.99328,-0.05100,-0.05242,0.08967,0.21527,-0.00265,0.01839,
1630150019148858112,0.00649,-0.10087,-0.00287,0.99093,-0.05479,-0.05216,0.11104,0.23941,-0.00857,0.03050,
1630150019280969984,0.03602,-0.10263,-0.00144,0.98700,-0.05911,-0.04710,0.14182,0.23968,0.00071,0.00330,
1630150019415660800,0.06554,-0.10207,-0.00392,0.98191,-0.06294,-0.04791,0.17204,0.21507,0.01080,-0.02267,
1630150019547066624,0.09046,-0.10123,-0.00630,0.97657,-0.06657,-0.04528,0.19956,0.17004,-0.00403,-0.00122,
1630150019681833216,0.10857,-0.10213,-0.00426,0.97259,-0.06227,-0.04409,0.21967,0.12705,-0.01081,0.02493,
1630150019814115328,0.12166,-0.10076,-0.00051,0.96935,-0.05953,-0.04171,0.23470,0.10771,0.01772,0.01837,
1630150019948748288,0.13088,-0.09697,0.00050,0.96489,-0.06092,-0.03761,0.25271,0.07685,0.03099,0.01224,
1630150020081948160,0.13307,-0.09442,0.00185,0.95732,-0.05953,-0.03542,0.28062,0.02975,0.01382,0.01815,
1630150020214364416,0.13163,-0.09441,0.00324,0.94893,-0.05415,-0.02756,0.30959,0.01358,0.00152,0.01214,
1630150020349138944,0.12993,-0.09461,0.00363,0.94030,-0.04904,-0.01594,0.33641,0.00971,-0.00173,0.00461,
1630150020483025664,0.12632,-0.09094,0.00206,0.93275,-0.04788,-0.01317,0.35709,0.00104,0.01708,-0.00472,
1630150020617252352,0.12309,-0.08757,-0.00056,0.92520,-0.04894,-0.00789,0.37622,0.02277,0.01625,-0.01321,
1630150020751885824,0.12327,-0.08388,0.00177,0.92210,-0.05175,-0.00737,0.38340,0.07153,-0.00185,0.11250,
1630150020885256704,0.13267,-0.08223,0.02941,0.92199,-0.06146,-0.00397,0.38229,0.16708,-0.03299,0.33955,
1630150021020299520,0.15599,-0.08758,0.08431,0.92582,-0.05998,0.00541,0.37313,0.25302,-0.08205,0.45878,
1630150021154851328,0.18322,-0.09616,0.14327,0.92804,-0.05161,0.01128,0.36872,0.23580,-0.06808,0.40319,
1630150021290970624,0.20374,-0.10469,0.18727,0.92744,-0.04699,0.01530,0.37069,0.16857,-0.04527,0.23019,
1630150021422279168,0.21996,-0.10986,0.20648,0.92429,-0.04347,0.01928,0.37872,0.11140,-0.01141,0.05496,
1630150021556817408,0.22168,-0.10803,0.20354,0.92303,-0.04767,0.02166,0.38115,0.05109,0.02286,-0.07792,
1630150021691996416,0.21287,-0.10218,0.18926,0.92344,-0.05491,0.02065,0.37922,0.01392,0.03914,-0.09905,
1630150021825428480,0.20794,-0.09810,0.17149,0.92308,-0.05974,0.01626,0.37960,-0.01292,0.01799,-0.16537,
1630150021960796160,0.20263,-0.09790,0.14530,0.92264,-0.05912,0.00839,0.38101,-0.00443,-0.00582,-0.23478,
1630150022093762560,0.19450,-0.09674,0.10831,0.92194,-0.06223,0.00744,0.38222,-0.01071,0.00525,-0.32903,
1630150022229647872,0.19035,-0.09495,0.05678,0.92277,-0.06548,0.00477,0.37972,-0.02653,0.01436,-0.39249,
1630150022364319488,0.17929,-0.09420,0.01071,0.92305,-0.05787,-0.00764,0.38022,-0.04426,0.00067,-0.26204,
1630150022501478912,0.17577,-0.09332,-0.01301,0.92509,-0.05425,-0.01734,0.37545,-0.02237,0.01736,-0.03771,
1630150022634037248,0.17123,-0.08848,-0.01233,0.92706,-0.06320,-0.01396,0.36927,-0.01105,0.03863,0.07985,
1630150022701146112,0.16713,-0.08579,-0.01007,0.92825,-0.06527,-0.01303,0.36596,0.00295,0.03236,0.09165,
1630150022832956672,0.16793,-0.08249,-0.00105,0.92887,-0.06028,-0.00800,0.36538,0.04753,0.00877,0.09039,
1630150022968590336,0.18428,-0.07563,0.00719,0.92223,-0.05701,-0.00159,0.38242,0.09353,0.02157,0.06324,
1630150023102036224,0.20478,-0.06776,0.01483,0.90098,-0.05609,-0.00451,0.43020,0.14582,0.03002,0.03891,
1630150023236851712,0.22934,-0.05544,0.01434,0.87896,-0.03603,-0.01012,0.47542,0.22619,0.08945,-0.00202,
1630150023373705472,0.26213,-0.03674,0.01109,0.86569,-0.02104,0.00403,0.50011,0.23869,0.17203,-0.01962,
1630150023505743616,0.29160,-0.01227,0.01300,0.84915,-0.01870,0.01880,0.52748,0.18712,0.21543,0.04337,
1630150023644442880,0.31395,0.01506,0.02881,0.82348,-0.01999,0.02111,0.56659,0.13365,0.23277,0.07426,
1630150023777859328,0.32664,0.05296,0.03102,0.80149,-0.02024,0.02266,0.59724,0.09644,0.22754,0.04017,
1630150023908818176,0.33706,0.08115,0.03304,0.78345,-0.01652,0.02231,0.62083,0.04431,0.19826,0.03963,
1630150024044854784,0.33464,0.10666,0.04070,0.76709,-0.01497,0.01220,0.64125,-0.01199,0.18234,0.10546,
1630150024177011456,0.32498,0.12004,0.06381,0.75472,-0.01840,0.01117,0.65569,-0.03095,0.18141,0.20051,
1630150024312467968,0.32759,0.14600,0.10301,0.74140,-0.01600,0.01227,0.67076,0.01588,0.17556,0.35640,
1630150024446575872,0.33670,0.16571,0.15558,0.72878,-0.02360,0.00789,0.68429,0.05588,0.16646,0.42221,
1630150024581396480,0.34874,0.16709,0.21018,0.72053,-0.03272,-0.00111,0.69265,0.10689,0.11779,0.33390,
1630150024716090624,0.34336,0.13828,0.24505,0.71539,-0.03331,-0.01330,0.69780,0.11269,0.04836,0.15969,
1630150024850280704,0.38198,0.18314,0.25293,0.71550,-0.03547,-0.02350,0.69732,0.16156,0.08934,0.03173,
1630150024984112384,0.41339,0.22198,0.25092,0.71660,-0.04077,-0.02875,0.69570,0.19139,0.12342,-0.02638,
1630150025117830400,0.44725,0.26397,0.23599,0.72040,-0.04237,-0.02850,0.69168,0.20770,0.14716,-0.09328,
1630150025252465664,0.42869,0.23865,0.20937,0.72171,-0.04056,-0.02789,0.69044,0.14467,0.10713,-0.19304,
1630150025390620928,0.49457,0.32718,0.19298,0.72267,-0.04476,-0.02838,0.68916,0.17091,0.20059,-0.21120,
1630150025520636672,0.39355,0.22908,0.15768,0.72547,-0.04997,-0.03156,0.68571,0.07790,0.10114,-0.05052,
1630150025656261888,0.33247,0.19001,0.17411,0.72775,-0.05316,-0.03348,0.68296,0.02826,0.03923,0.05206,
1630150025791173376,0.50131,0.26663,0.16230,0.72631,-0.05619,-0.03648,0.68409,0.17526,0.09751,0.03576,
1630150025925923072,0.34906,0.20955,0.15951,0.72498,-0.05828,-0.04546,0.68479,0.04558,0.03133,0.04340,
1630150026058713600,0.65408,0.39476,0.18469,0.72468,-0.05817,-0.04727,0.68500,0.30465,0.18835,0.05333,
1630150026194529024,0.67553,0.48568,0.20839,0.72560,-0.05714,-0.04575,0.68421,0.30932,0.25468,0.04832,
1630150026328469760,0.71752,0.53046,0.21536,0.72627,-0.05588,-0.04179,0.68386,0.32499,0.27531,0.05986,
1630150026463302656,0.76143,0.56383,0.22453,0.72619,-0.05477,-0.04033,0.68412,0.32890,0.28651,0.06891,
1630150026596668160,0.80455,0.60285,0.23306,0.72649,-0.05515,-0.03973,0.68381,0.33851,0.29840,0.06952,
1630150026733622272,0.86213,0.61291,0.24017,0.72751,-0.05348,-0.03794,0.68296,0.37048,0.28158,0.07335,
1630150026864280576,0.90289,0.68545,0.25251,0.72813,-0.05195,-0.03396,0.68263,0.37650,0.31255,0.07138,
1630150026999230976,0.95178,0.72961,0.26105,0.72988,-0.05128,-0.03101,0.68094,0.38163,0.32561,0.06956,
1630150027133574656,1.00583,0.77391,0.27142,0.73023,-0.05046,-0.03061,0.68065,0.39159,0.33072,0.08300,
1630150027267698944,1.05843,0.81914,0.28254,0.73049,-0.04943,-0.03107,0.68042,0.40049,0.34314,0.08302,
1630150027402547968,1.11393,0.86690,0.29362,0.73154,-0.04948,-0.03159,0.67926,0.41586,0.35833,0.08733,
1630150027539570688,1.17095,0.91661,0.30546,0.73197,-0.04861,-0.03100,0.67890,0.42704,0.36756,0.09207,
1630150027673131520,1.22920,0.96778,0.31792,0.73231,-0.04863,-0.03139,0.67851,0.43422,0.38197,0.09207,
1630150027810158848,1.28835,1.02228,0.33010,0.73251,-0.04793,-0.03056,0.67838,0.44818,0.39521,0.09668,
1630150027941003264,1.34860,1.07629,0.34228,0.73278,-0.04659,-0.02925,0.67824,0.45852,0.40335,0.09556,
1630150028079973120,1.41267,1.13643,0.35475,0.73290,-0.04478,-0.02983,0.67821,0.46976,0.42177,0.10002,
1630150028216969216,1.47766,1.19565,0.36846,0.73175,-0.04320,-0.03057,0.67952,0.48343,0.44197,0.10219,
1630150028346228736,1.54264,1.25621,0.38032,0.73295,-0.04257,-0.02935,0.67832,0.49995,0.45666,0.10455,
1630150028481601280,1.60850,1.31742,0.39658,0.73408,-0.04219,-0.02622,0.67725,0.51217,0.46501,0.11350,
1630150028615091200,1.67570,1.38191,0.41092,0.73544,-0.04096,-0.02416,0.67592,0.51832,0.48028,0.10975,
1630150028747014656,1.74601,1.44657,0.42577,0.73631,-0.04021,-0.02164,0.67511,0.53153,0.50109,0.11001,
1630150028882736128,1.81890,1.52172,0.43868,0.73767,-0.03929,-0.01917,0.67375,0.54268,0.51096,0.10168,
1630150029018700032,1.89263,1.58790,0.45243,0.73787,-0.03910,-0.01989,0.67352,0.54652,0.52240,0.08494,
1630150029150557184,1.97458,1.66026,0.46380,0.73881,-0.03909,-0.02008,0.67248,0.56954,0.54555,0.05854,
1630150029284010496,2.04334,1.73095,0.46520,0.74211,-0.03971,-0.01547,0.66892,0.57153,0.57064,-0.02549,
1630150029417837568,2.20317,1.75019,0.47100,0.74624,-0.03287,-0.00998,0.66479,0.60635,0.59840,-0.14434,
1630150029556151808,2.19781,1.89865,0.42767,0.75076,-0.02325,-0.00553,0.66014,0.57494,0.67463,-0.18705,
1630150029687641856,2.32115,1.94053,0.40992,0.75226,0.00664,-0.00376,0.65883,0.71031,0.65573,-0.01307,
1630150029821497088,2.22410,1.87687,0.36025,0.74440,0.02223,0.00099,0.66737,0.69479,0.60660,0.06612,
1630150029955425024,2.31980,2.21495,0.39555,0.73677,0.01943,0.00126,0.67586,0.69574,0.77518,0.12477,
1630150030092130304,2.53288,2.29483,0.43793,0.73083,0.01883,-0.00003,0.68230,0.75126,0.78301,0.11954,
1630150030224936704,2.55897,2.39136,0.43951,0.72963,0.01365,0.00263,0.68370,0.70184,0.75615,0.11668,
1630150030361433088,2.70482,2.46717,0.46287,0.72865,0.01291,0.01091,0.68468,0.74197,0.65324,0.13524,
1630150030499841280,2.81605,2.53826,0.48878,0.72181,0.00681,0.01195,0.69195,0.74497,0.56293,0.13762,
1630150030628765440,2.95523,2.62251,0.51476,0.71032,0.00478,0.00710,0.70382,0.79510,0.51005,0.16732,
1630150030762416896,3.06713,2.68041,0.53855,0.69140,0.00331,0.00328,0.72246,0.83818,0.45823,0.17912,
1630150030898542336,3.29414,2.45962,0.55941,0.66737,0.00220,0.00430,0.74471,0.93153,0.21002,0.14921,
1630150031031735296,3.45739,2.37806,0.56482,0.64469,0.00351,0.00186,0.76444,0.94651,0.12573,0.13127,
1630150031169064192,3.50491,2.69505,0.58765,0.61834,0.00605,-0.00034,0.78589,0.87977,0.41515,0.10599,
1630150031300281088,3.52224,2.94269,0.59934,0.58922,0.01451,-0.00276,0.80784,0.80995,0.67559,0.09561,
1630150031437950976,3.49502,3.26132,0.59280,0.57116,0.02449,-0.00290,0.82047,0.69670,0.94071,0.08021,
1630150031500758272,3.62080,3.17626,0.62241,0.56354,0.02735,-0.00207,0.82563,0.75818,0.86199,0.10940,
1630150031634700032,3.82803,3.13125,0.64284,0.54807,0.02425,-0.00864,0.83604,0.82937,0.78893,0.16699,
1630150031770369024,3.90274,3.25452,0.66469,0.53550,0.01431,-0.00782,0.84438,0.79654,0.80065,0.13168,
1630150031906038528,4.06226,3.34814,0.67682,0.52865,0.00564,-0.01163,0.84874,0.87352,0.79968,0.14039,
1630150032039052032,4.21733,3.44577,0.68776,0.52862,0.00727,-0.01532,0.84869,0.95017,0.80489,0.16074,
1630150032175693824,4.25649,3.59763,0.72996,0.53298,0.00478,-0.01876,0.84591,0.88363,0.85219,0.17514,
1630150032307963648,4.49265,3.61208,0.73454,0.54319,0.00272,-0.02302,0.83929,0.99885,0.78230,0.11556,
1630150032443456768,4.69034,3.38434,0.76280,0.55320,0.00668,-0.02478,0.83265,1.07463,0.56851,0.12894,
1630150032576833536,4.60538,4.03557,0.76510,0.55989,0.01036,-0.02147,0.82823,0.89426,1.05412,0.11821,
1630150032710696960,4.76756,4.05195,0.79873,0.56575,0.01292,-0.01859,0.82427,0.91605,0.99230,0.14186,
1630150032845917440,4.90795,4.17042,0.81623,0.56777,0.01267,-0.01839,0.82289,0.92254,1.01156,0.13557,
1630150032980549120,5.03111,4.28341,0.83509,0.56524,0.01333,-0.02003,0.82458,0.92130,1.04231,0.12244,
1630150033116068096,5.13628,4.47922,0.84992,0.56321,0.01160,-0.01637,0.82607,0.92002,1.12151,0.12156,
1630150033251996672,5.25065,4.65376,0.86199,0.56034,0.00760,-0.01089,0.82816,0.92070,1.16039,0.12171,
1630150033384324608,5.38190,4.79332,0.88185,0.55690,0.00712,-0.00815,0.83051,0.94112,1.17169,0.12600,
1630150033519650304,5.51505,4.95916,0.89850,0.55508,0.00629,-0.00490,0.83176,0.94764,1.20169,0.13410,
1630150033651939072,5.60204,5.13065,0.91213,0.55514,0.00041,-0.00444,0.83175,0.92578,1.22094,0.14109,
1630150033786240000,5.72627,5.31084,0.93610,0.55506,-0.00457,-0.00900,0.83175,0.94095,1.23906,0.14334,
1630150033922045440,5.89137,5.39462,0.96676,0.55590,-0.00726,-0.01552,0.83107,0.97710,1.20574,0.14851,
1630150034055994624,5.98403,5.64596,0.97513,0.55703,-0.01098,-0.02146,0.83014,0.97208,1.28506,0.14549,
1630150034192482304,6.10379,5.82232,0.99454,0.55860,-0.01246,-0.02699,0.82890,0.98174,1.31166,0.14088,
1630150034323094016,6.23290,6.01855,1.00987,0.56041,-0.01312,-0.03020,0.82756,0.99571,1.35387,0.13010,
1630150034458867456,6.36359,6.19821,1.02932,0.56253,-0.01245,-0.03344,0.82601,1.01692,1.38225,0.12917,
1630150034591723264,6.49384,6.41122,1.04187,0.56381,-0.00964,-0.03313,0.82519,1.03658,1.43268,0.12267,
1630150034729643520,6.63429,6.60058,1.05935,0.56660,-0.00715,-0.03040,0.82340,1.04775,1.46089,0.12287,
1630150034862494720,6.77054,6.81418,1.07373,0.56809,-0.00543,-0.02919,0.82243,1.05964,1.49495,0.12636,
1630150034995281920,6.89723,7.02519,1.08852,0.56981,-0.00436,-0.02842,0.82128,1.05695,1.53328,0.12462,
1630150035129611520,7.03718,7.23050,1.10519,0.57081,-0.00534,-0.02893,0.82056,1.06535,1.56418,0.12410,
1630150035266927872,7.17359,7.45113,1.12152,0.57007,-0.00575,-0.03087,0.82100,1.07042,1.59900,0.12607,
1630150035400137984,7.31626,7.67468,1.13753,0.56921,-0.00687,-0.03167,0.82155,1.07871,1.63093,0.12869,
1630150035534165248,7.46000,7.91333,1.14657,0.56914,-0.01104,-0.03220,0.82153,1.07609,1.66537,0.11799,
1630150035667557376,7.61021,8.15102,1.14709,0.56682,-0.01571,-0.02999,0.82314,1.06805,1.68937,0.07864,
1630150035804505088,7.76730,8.38646,1.15074,0.55696,-0.00817,-0.02691,0.83006,1.07462,1.71643,0.06297,
1630150035938297088,8.07767,8.58472,1.06790,0.54342,0.00195,-0.02421,0.83911,1.17616,1.74627,0.04236,
1630150036070613248,8.28673,8.86580,1.05875,0.52683,0.00602,-0.02511,0.84958,1.21421,1.82738,0.04236,
1630150036205004800,8.43163,9.07757,1.05297,0.50972,0.00936,-0.02613,0.85989,1.16998,1.86525,0.01809,
1630150036341967616,8.60246,9.34636,1.06370,0.49214,0.00469,-0.02731,0.87008,1.15053,1.91697,0.02490,
1630150036477424896,8.71110,9.56783,1.07097,0.47602,-0.00315,-0.02881,0.87896,1.09583,1.89310,0.01355,
1630150036608791552,8.86543,9.82312,1.07277,0.45816,-0.00789,-0.03007,0.88833,1.05406,1.90207,-0.01314,
1630150036742991616,8.96944,10.04172,1.06624,0.44143,-0.00983,-0.02533,0.89688,0.98491,1.87818,-0.06172,
1630150036883949568,9.13299,10.33472,1.05885,0.43987,-0.01152,-0.02297,0.89769,1.00594,1.87988,-0.04058,
1630150037018440704,9.26515,10.58333,1.05848,0.42678,-0.00324,-0.02888,0.90389,1.03870,1.90436,0.02409,
1630150037147196672,9.37489,10.81456,1.06563,0.40844,-0.00110,-0.03195,0.91223,1.07325,1.95481,0.06801,
1630150037289367040,9.47910,11.04882,1.07365,0.40070,-0.01075,-0.02610,0.91578,1.10439,1.95118,0.05207,
1630150037417420800,9.68520,11.34506,1.07945,0.39098,-0.02298,-0.02590,0.91975,1.22950,1.97385,0.03089,
1630150037550161664,9.81209,11.57615,1.08002,0.38739,-0.03009,-0.02677,0.92103,1.27866,1.93182,0.00073,
1630150037684788992,9.98090,11.83205,1.07977,0.39406,-0.03910,-0.02037,0.91803,1.33913,1.91839,0.00575,
1630150037820140800,10.16690,12.09632,1.08662,0.40624,-0.05146,-0.00983,0.91226,1.37657,1.93277,-0.00148,
1630150037952782848,10.35059,12.39412,1.07897,0.41096,-0.04961,-0.01000,0.91025,1.37013,2.00734,-0.01476,
1630150038086034176,10.55804,12.69760,1.07238,0.39636,-0.04158,-0.00896,0.91711,1.35515,2.11477,-0.03595,
1630150038225320192,10.77447,12.97965,1.07177,0.37893,-0.04110,-0.00628,0.92449,1.33534,2.18337,-0.05747,
1630150038355225344,10.98455,13.24331,1.07195,0.34797,-0.03576,-0.01040,0.93677,1.37026,2.23327,-0.00076,
1630150038490878720,11.19693,13.57841,1.07227,0.32444,-0.03202,-0.01369,0.94527,1.43041,2.33483,0.00023,
1630150038624593664,11.30615,13.84541,1.07166,0.31435,-0.02916,-0.01921,0.94866,1.42792,2.34435,-0.00551,
1630150038757625600,11.46126,14.14252,1.06937,0.31023,-0.02491,-0.02008,0.95012,1.45077,2.37697,-0.03713,
1630150038894158848,11.64697,14.46620,1.06584,0.31888,-0.02071,-0.01940,0.94737,1.47759,2.44701,-0.03713,
1630150039028194560,11.87648,14.83782,1.06662,0.33549,-0.02052,-0.01743,0.94166,1.52893,2.54974,-0.02314,
1630150039163404800,12.08897,15.18520,1.06147,0.34829,-0.01963,-0.01475,0.93706,1.53851,2.61342,-0.05421,
1630150039299119360,12.28408,15.52446,1.05448,0.35847,-0.01455,-0.01293,0.93334,1.53258,2.67278,-0.07893,
1630150039431349504,12.47111,15.86133,1.04592,0.36735,-0.01474,-0.00954,0.92992,1.54656,2.74782,-0.08199,
1630150039564655872,12.68960,16.25259,1.03882,0.37691,-0.02074,-0.00577,0.92600,1.60691,2.85152,-0.07451,
1630150039699369216,12.89686,16.62695,1.03064,0.38324,-0.02837,-0.00652,0.92319,1.65135,2.92479,-0.07865,
1630150039836133376,13.09207,16.97600,1.02220,0.39018,-0.03758,-0.01322,0.91988,1.65484,2.97628,-0.02978,
1630150039967353088,13.35537,17.44009,1.01848,0.39753,-0.04667,-0.01847,0.91622,1.69798,3.07640,-0.02993,
1630150040103497216,13.65402,17.88311,1.00137,0.41484,-0.05061,-0.01959,0.90827,1.74499,3.08160,-0.10538,
1630150040197946624,13.75533,18.15821,0.99958,0.42554,-0.04966,-0.01975,0.90336,1.68714,3.04719,-0.14015,
1630150040305227520,13.89919,18.42693,0.98413,0.43638,-0.04240,-0.01233,0.89868,1.65347,2.98261,-0.13543,
1630150040439714560,14.14412,18.86979,0.96635,0.44683,-0.03446,-0.00279,0.89395,1.70318,3.03167,-0.10027,
1630150040571927552,14.32515,19.03111,0.93496,0.45492,-0.02577,0.00468,0.89015,1.69120,2.82953,-0.10493,
1630150040707246336,14.59401,19.65517,0.94106,0.44878,-0.01857,0.00752,0.89342,1.71708,3.04809,-0.12548,
1630150040841510912,14.82668,20.06125,0.92696,0.43785,-0.01524,0.00598,0.89890,1.75600,3.06657,-0.09059,
1630150040976608768,15.06781,20.47792,0.91280,0.42790,-0.01819,0.00254,0.90364,1.79302,3.06437,-0.08592,
1630150041110258944,15.30805,20.89135,0.90163,0.41536,-0.01890,0.00065,0.90946,1.79059,3.06907,-0.07632,
1630150041244109056,15.54155,21.30158,0.89412,0.38905,-0.01750,0.00043,0.92105,1.76706,3.11998,-0.05287,
1630150041381088256,15.77745,21.72895,0.88187,0.36840,-0.01680,-0.00025,0.92952,1.71159,3.14354,-0.12099,
1630150041515818496,15.85125,21.60181,0.85692,0.34925,-0.01538,-0.00357,0.93690,1.57201,2.74778,-0.16142,
1630150041648078080,16.29436,22.54964,0.82880,0.33635,-0.00764,-0.00809,0.94167,1.69018,3.23597,-0.15945,
1630150041782738432,16.42439,22.96487,0.81932,0.33290,-0.00580,-0.01171,0.94287,1.57417,3.28780,-0.16193,
1630150041917023488,16.62965,23.40046,0.79556,0.33214,-0.01032,-0.01165,0.94310,1.56110,3.33016,-0.17065,
1630150042050719232,16.77377,22.40058,0.72639,0.34195,-0.01481,-0.01645,0.93946,1.60748,2.28309,-0.21016,
1630150042189476352,17.07553,24.34928,0.75140,0.35396,-0.03020,-0.01357,0.93467,1.59619,3.42289,-0.18339,
1630150042323027200,16.73895,22.61990,0.65607,0.35033,-0.01907,-0.02402,0.93612,1.26574,2.02657,-0.24791,
1630150042456824576,17.43419,25.11818,0.69373,0.34049,-0.01684,-0.02017,0.93988,1.49999,3.59252,-0.21976,
1630150042588594688,17.88656,24.55092,0.56128,0.33330,-0.01368,-0.02021,0.94250,1.75863,2.85296,-0.30332,
1630150042722310912,17.83858,25.98594,0.62702,0.32322,-0.02119,-0.01251,0.94600,1.52712,3.66466,-0.21597,
1630150042860746496,18.35597,26.58154,0.56227,0.31373,-0.01584,-0.01029,0.94933,1.74177,3.77330,-0.25553,
1630150042992104704,18.26013,26.97748,0.56221,0.30877,-0.01855,-0.00884,0.95091,1.48684,3.74584,-0.23389,
1630150043125553152,18.26482,24.44032,0.49156,0.30759,-0.01050,-0.01719,0.95131,1.48656,1.56812,-0.27707,
1630150043261323520,18.69953,28.05158,0.49635,0.31432,-0.02801,-0.00700,0.94888,1.53830,3.90895,-0.25540,
1630150043396143360,18.90632,28.58150,0.46181,0.32940,-0.02859,-0.00235,0.94375,1.54750,3.99242,-0.25981,
1630150043530609920,19.39123,28.78957,0.38863,0.34745,-0.01797,-0.00422,0.93752,1.76438,3.82272,-0.28855,
1630150043666345728,19.55659,27.63327,0.34223,0.37511,-0.01385,-0.00711,0.92685,1.78983,2.65574,-0.29164,
1630150043797337856,19.54708,30.03015,0.35050,0.39679,-0.02812,0.00232,0.91747,1.53423,4.20587,-0.27697,
1630150043931803648,19.75015,30.59755,0.30988,0.40901,-0.02293,0.00211,0.91224,1.49860,4.25692,-0.32311,
1630150044091278080,20.58993,31.08472,0.20303,0.41683,-0.01911,0.00218,0.90878,1.94100,4.12818,-0.36037,
1630150044201380608,20.15337,31.74613,0.22302,0.42125,-0.02412,0.00106,0.90662,1.49862,4.24445,-0.29979,
1630150044335526400,18.63299,25.81426,0.44475,0.42579,-0.00944,-0.01422,0.90466,0.49598,-0.08784,-0.12568,
1630150044469836544,20.56796,32.89290,0.14222,0.42840,-0.02450,-0.00832,0.90322,1.53402,4.21579,-0.32070,
1630150044608494336,21.33599,31.45822,0.04588,0.43605,-0.02503,-0.01045,0.89951,2.01026,2.92360,-0.36651,
1630150044739717120,21.01616,33.71738,0.04875,0.45215,-0.03840,-0.00607,0.89110,1.59769,4.13902,-0.33746,
1630150044877382144,19.55964,28.23616,0.28328,0.46916,-0.02843,-0.01232,0.88257,0.63459,0.12485,-0.17287,
1630150045008169728,19.95127,31.46463,0.06503,0.48110,-0.03482,-0.00438,0.87596,0.76146,2.21287,-0.28972,
1630150045146122240,21.44813,34.74074,-0.06336,0.48886,-0.04010,0.00537,0.87142,1.63249,4.14653,-0.34420,
1630150045276401408,21.71639,35.24757,-0.11686,0.49454,-0.03958,0.00575,0.86823,1.67897,4.12611,-0.36712,
1630150045416305920,21.12487,30.08581,-0.03516,0.49293,-0.02338,-0.00141,0.86975,1.28938,0.36426,-0.29828,
1630150045548430080,20.76702,32.81101,-0.13382,0.48904,-0.03377,0.00249,0.87161,0.78660,2.35037,-0.35168,
1630150045684621056,21.96196,35.60054,-0.22995,0.47886,-0.03766,0.00834,0.87704,1.57065,4.32124,-0.41569,
1630150045815682560,20.54237,31.22410,-0.11807,0.46446,-0.02910,-0.00270,0.88511,0.35506,0.54995,-0.28897,
1630150045949207040,21.79917,35.36425,-0.31088,0.44859,-0.02720,0.00193,0.89332,1.14436,3.52228,-0.38515,
1630150046083973888,22.01792,30.82461,-0.33183,0.43679,-0.00802,-0.01196,0.89945,1.31871,-0.01610,-0.37392,
1630150046220557568,22.28106,36.60039,-0.42200,0.42543,-0.02299,-0.00457,0.90469,1.25513,4.13829,-0.42662,
1630150046357053952,21.21519,32.11636,-0.28340,0.41496,-0.01070,-0.01506,0.90965,0.47324,0.57910,-0.31569,
1630150046487998208,22.82347,37.95295,-0.54637,0.41560,-0.02052,-0.00068,0.90931,1.52338,4.68357,-0.48232,
1630150046619989760,23.57782,35.97111,-0.71570,0.42229,-0.00836,-0.00177,0.90642,2.02503,2.82329,-0.55152,
1630150046755355904,23.33091,39.30683,-0.67515,0.43703,-0.02163,0.00411,0.89918,1.59156,4.81271,-0.47115,
1630150046892850176,21.87430,32.76715,-0.28949,0.44984,-0.01266,-0.01314,0.89293,0.56895,0.14623,-0.17897,
1630150047024715520,21.41974,33.03236,-0.50442,0.45846,-0.01860,-0.02072,0.88828,0.19027,0.33853,-0.31029,
1630150047160440064,21.54914,33.29460,-0.60569,0.46571,-0.02290,-0.02580,0.88427,0.24809,0.52059,-0.35204,
1630150047291502080,23.47088,39.71509,-0.84518,0.46628,-0.03386,-0.01839,0.88380,1.49610,5.08612,-0.50030,
1630150047425846272,24.29119,37.93319,-0.90896,0.46347,-0.02956,-0.02589,0.88524,2.00544,3.36935,-0.52270,
1630150047561041408,22.44143,35.31615,-0.82432,0.45874,-0.03182,-0.03177,0.88743,0.50595,1.22274,-0.42993,
1630150047695991552,24.12574,41.61439,-1.06174,0.44291,-0.03957,-0.02234,0.89542,1.47368,5.25045,-0.56418,
1630150047831468288,25.28389,38.90949,-1.36355,0.42134,-0.02709,-0.02604,0.90612,2.17869,2.99405,-0.72531,
1630150047966365440,23.76945,35.15724,-0.81053,0.40236,-0.03015,-0.02426,0.91466,1.00856,0.28113,-0.31395,
1630150048099008512,23.07909,39.34389,-1.18081,0.37497,-0.04439,-0.01479,0.92585,0.33830,3.17447,-0.55644,
1630150048237530368,24.69477,42.78001,-1.32682,0.34977,-0.04491,-0.00204,0.93576,1.42570,5.27043,-0.63758,
1630150048367707904,24.12774,36.09164,-1.03891,0.32967,-0.02704,-0.00853,0.94367,1.03570,0.02068,-0.41371,
1630150048501774848,24.85989,43.25563,-1.46288,0.31302,-0.02981,0.00927,0.94923,1.38647,5.14618,-0.64137,
1630150048636284416,24.65728,38.82139,-1.51358,0.31571,-0.00252,0.00544,0.94884,1.21444,1.57022,-0.61491,
1630150048770019584,25.34960,44.52117,-1.64076,0.33765,-0.01445,0.02527,0.94082,1.43233,5.50298,-0.67409,
1630150048904768256,26.23670,40.06876,-1.66296,0.36743,-0.01038,0.02090,0.92976,2.02682,1.52417,-0.63190,
1630150048971582720,25.58280,45.03155,-1.76438,0.38452,-0.03130,0.03211,0.92203,1.23979,5.56547,-0.68122,
1630150049106917376,25.83429,45.86800,-1.85981,0.41613,-0.02238,0.03521,0.90835,1.24827,5.78041,-0.69973,
1630150049240132352,26.43133,42.26539,-1.89581,0.43727,0.00146,0.03256,0.89874,1.61906,2.24856,-0.69805,
1630150049375872512,25.24199,43.00176,-1.99348,0.43553,0.00419,0.04329,0.89912,0.37661,2.62855,-0.76941,
1630150049508323584,26.10434,47.25697,-2.16652,0.42823,-0.00785,0.07299,0.90068,0.99714,5.77149,-0.83868,
1630150049647779840,26.24671,43.70056,-2.28659,0.38994,-0.00772,0.08519,0.91686,1.09858,2.20458,-0.82144,
1630150049777588224,25.78468,45.15846,-2.36046,0.37415,-0.01532,0.11008,0.92068,0.65260,3.17856,-0.79706,
1630150049913193472,25.72418,47.59725,-2.47488,0.34847,-0.01294,0.13908,0.92685,0.57536,4.82340,-0.80721,
1630150050048797440,26.26901,47.71601,-2.64261,0.32688,-0.00447,0.15078,0.93295,1.01804,4.37957,-0.87057,
1630150050180793600,25.86756,47.38568,-2.74782,0.31630,-0.00569,0.16617,0.93397,0.62445,3.60596,-0.94076,
1630150050317228288,26.79869,50.89670,-2.84792,0.32370,-0.00754,0.18087,0.92868,1.27472,5.91927,-0.86307,
1630150050450473216,25.91995,46.12889,-2.92022,0.35166,-0.00134,0.16445,0.92157,0.56611,1.62197,-0.68861,
1630150050585145600,26.90207,48.55813,-3.02743,0.38562,-0.00876,0.15398,0.90968,1.27057,3.33506,-0.60588,
1630150050718506752,27.45994,52.50069,-3.12375,0.41286,-0.01216,0.14334,0.89936,1.56531,6.08257,-0.58929,
1630150050855183360,26.52760,48.96577,-3.28444,0.42761,0.00160,0.12108,0.89582,0.72817,2.70280,-0.67606,
1630150050988086528,27.91628,53.85284,-3.29441,0.43766,-0.01201,0.11734,0.89137,1.63623,6.22180,-0.62167,
1630150051122245888,27.71313,49.73736,-3.49823,0.43519,-0.01336,0.08406,0.89631,1.37021,2.35918,-0.58359,
1630150051257340928,28.77971,54.83936,-3.44489,0.42575,-0.01975,0.07641,0.90139,1.99361,6.05176,-0.37039,
1630150051393230080,29.37556,51.20800,-3.61640,0.41739,0.01192,0.03709,0.90789,2.31006,2.50375,-0.57448,
1630150051524896256,28.10469,49.46345,-3.40336,0.42101,0.01889,-0.00354,0.90685,1.07662,0.90055,-0.43062,
1630150051660961024,28.72668,55.67083,-3.62467,0.43700,0.01700,-0.00764,0.89927,1.35098,5.71630,-0.67779,
1630150051795696128,27.84202,50.93524,-3.67472,0.44393,0.03584,-0.01442,0.89523,0.54891,1.56622,-0.80008,
1630150051929237248,28.43995,54.56652,-3.82976,0.44685,0.03250,0.00654,0.89399,0.85105,4.29727,-0.91947,
1630150052062002688,28.66332,57.58354,-3.96354,0.45044,0.02819,0.02299,0.89206,0.87062,6.26618,-0.98818,
1630150052198010880,30.31268,58.39527,-4.15338,0.45626,0.02865,-0.01013,0.88933,2.00608,6.27971,-1.11934,
1630150052334373120,29.97696,55.14372,-4.39359,0.43594,0.01567,-0.07607,0.89662,1.53175,3.14544,-1.24064,
1630150052472352000,30.98585,56.14641,-4.42060,0.41870,-0.00372,-0.09202,0.90344,2.11246,3.77239,-1.02968,
